"Details for Average of Delivery_Days - Delivery_City: Onitsha, Region: Anambra",,,,,,,,,,,,,,,,,,,,,,,,,,,,,,,,,,,,,,,,,
,,,,,,,,,,,,,,,,,,,,,,,,,,,,,,,,,,,,,,,,,
Order_ID,Order_Date,Customer_ID,Customer_Name,Product_ID,Product_Name,Product_Category,Supplier,Warehouse,Region,Delivery_City,Quantity_Ordered,Unit_Cost,Unit_Selling_Price,Sales_Amount,Total_Cost,Profit,Profit_Margin,Payment_Status,Payment_Amount,Outstanding_Amount,Order_Status,Shipping_Method,Carrier,Shipping_Cost,Expected_Delivery_Date,Actual_Delivery_Date,Delivery_Days,Delivery_Status,Inventory_Before_Order,Inventory_After_Order,Stock_Status,Discount_Percentage,Final_Sales_Amount,Order_Priority,Customer_Type,Payment_Date,Return_Status,Return_Quantity,Field40,Field41, Questions and Answers  using excel formula
ORD14984,7/6/2025,CUST_028,Client Business 28 Ltd,PROD_P01,Industrial Stretch Wrap Film (6 Rolls),Packaging Materials,Zenith Global Procurement,Abuja Inland Logistics Depot,Anambra,Onitsha,48,15000,24000,1152000,720000,432000,0.375,Partial,518400,633600,Processing,Road,ABC Transport Logistics,45179.18,7/11/2025,,,Pending,177,129,In Stock,0.1,1036800,Low,Wholesale,7/8/2025,No Return,0,,,
ORD14883,9/27/2025,CUST_001,Apex Global Enterprise 1,PROD_A02,Synthetic Diesel Engine Oil 20L Drum,Automotive Parts,Innoson Industrial Supplies,Ibadan Western Hub,Anambra,Onitsha,30,28000,42000,1260000,840000,420000,0.333333333,Paid,1197000,63000,Completed,Road,Konga Express,22030.95,10/2/2025,10/2/2025,5,On Time,243,213,In Stock,0.05,1197000,Low,Wholesale,9/29/2025,No Return,0,,,
ORD14831,11/2/2024,CUST_011,Apex Global Enterprise 11,PROD_E04,Digital Warehouse Barcode Scanner,Electronics,SinoHydro Equipment Ltd,Kano Commercial Warehouse,Anambra,Onitsha,5,25000,45000,225000,125000,100000,0.444444444,Pending,0,225000,Processing,Sea,GIG Logistics,6848.9,11/4/2024,,,Pending,235,230,In Stock,0.1,202500,Low,Retail,,No Return,0,,,
ORD14802,4/12/2025,CUST_003,Apex Global Enterprise 3,PROD_I01,Hydraulic Pallet Truck 3-Ton,Industrial Equipment,Honeywell Logistics,Lagos Mega Central Hub,Anambra,Onitsha,69,150000,220000,15180000,10350000,4830000,0.318181818,Paid,12903000,2277000,Completed,Road,MAX.ng Freight,55379.57,4/15/2025,4/15/2025,3,On Time,241,172,In Stock,0.15,12903000,Medium,Corporate,4/19/2025,No Return,0,,,
ORD14766,12/25/2024,CUST_001,Apex Global Enterprise 1,PROD_E01,Heavy-Duty Solar Inverter 5kVA,Electronics,MainOne Distribution,Ibadan Western Hub,Anambra,Onitsha,59,120000,180000,10620000,7080000,3540000,0.333333333,Paid,9027000,1593000,Completed,Courier,Speedaf Express,30825.61,1/1/2025,1/1/2025,7,On Time,194,135,In Stock,0.15,9027000,High,Wholesale,1/3/2025,No Return,0,,,
ORD14724,8/27/2025,CUST_013,Apex Global Enterprise 13,PROD_C03,Galvanized Roofing Sheet Bundle,Construction Materials,Honeywell Logistics,Lagos Mega Central Hub,Anambra,Onitsha,33,140000,195000,6435000,4620000,1815000,0.282051282,Paid,5791500,643500,Completed,Road,Speedaf Express,22484.61,9/3/2025,9/2/2025,6,On Time,224,191,In Stock,0.1,5791500,Low,Corporate,9/10/2025,No Return,0,,,
ORD14689,9/10/2024,CUST_022,Client Business 22 Ltd,PROD_O02,A4 Copy Paper Box (5 Reams),Office Supplies,BUA Group Procurement,Ibadan Western Hub,Anambra,Onitsha,83,12000,18000,1494000,996000,498000,0.333333333,Paid,1269900,224100,Completed,Sea,Konga Express,58569.13,9/16/2024,9/16/2024,6,On Time,85,2,Low Stock,0.15,1269900,Medium,Retail,9/22/2024,No Return,0,,,
ORD14099,2/26/2025,CUST_001,Apex Global Enterprise 1,PROD_H02,Industrial Air Conditioner 3HP,Home Appliances,Dangote Logistics & Supplies Ltd,Abuja Inland Logistics Depot,Anambra,Onitsha,27,180000,260000,7020000,4860000,2160000,0.307692308,Overdue,0,7020000,Completed,Courier,MAX.ng Freight,17714.14,3/4/2025,3/5/2025,7,Delayed,162,135,In Stock,0,7020000,Critical,Wholesale,,No Return,0,,,
ORD13976,9/28/2025,CUST_021,Apex Global Enterprise 21,PROD_H03,Heavy Duty Standing Industrial Fan,Home Appliances,Stallion Motors Distribution,Lagos Mega Central Hub,Anambra,Onitsha,28,18000,32000,896000,504000,392000,0.4375,Overdue,0,896000,Completed,Road,Konga Express,18191.71,9/30/2025,9/29/2025,1,On Time,25,-3,Out of Stock,0.05,851200,Critical,Wholesale,,No Return,0,,,
ORD13815,5/22/2025,CUST_030,Client Business 30 Ltd,PROD_A02,Synthetic Diesel Engine Oil 20L Drum,Automotive Parts,SinoHydro Equipment Ltd,Kano Commercial Warehouse,Anambra,Onitsha,55,28000,42000,2310000,1540000,770000,0.333333333,Paid,1963500,346500,Completed,Road,ABC Transport Logistics,21565.8,5/24/2025,5/24/2025,2,On Time,85,30,In Stock,0.15,1963500,High,Retail,5/26/2025,No Return,0,,,
ORD13796,9/28/2025,CUST_009,Apex Global Enterprise 9,PROD_C01,Portland Cement 50kg Bag (Pallet of 100),Construction Materials,Dangote Logistics & Supplies Ltd,Abuja Inland Logistics Depot,Anambra,Onitsha,18,450000,580000,10440000,8100000,2340000,0.224137931,Pending,0,10440000,Pending,Road,ABC Transport Logistics,18382.45,10/3/2025,,,Pending,190,172,In Stock,0.05,9918000,Medium,Wholesale,,No Return,0,,,
ORD13785,6/4/2025,CUST_010,Client Business 10 Ltd,PROD_C03,Galvanized Roofing Sheet Bundle,Construction Materials,Zenith Global Procurement,Lagos Mega Central Hub,Anambra,Onitsha,31,140000,195000,6045000,4340000,1705000,0.282051282,Paid,6045000,0,Pending,Air,Konga Express,35635.8,6/7/2025,,,Pending,138,107,In Stock,0,6045000,Medium,Corporate,6/5/2025,No Return,0,,,
ORD13754,5/23/2024,CUST_018,Client Business 18 Ltd,PROD_P01,Industrial Stretch Wrap Film (6 Rolls),Packaging Materials,United Africa Supplies,Port Harcourt Coastal Depot,Anambra,Onitsha,72,15000,24000,1728000,1080000,648000,0.375,Paid,1641600,86400,Completed,Road,Konga Express,33756.43,5/25/2024,5/25/2024,2,On Time,78,6,Low Stock,0.05,1641600,Medium,Wholesale,5/23/2024,No Return,0,,,
ORD13724,11/1/2024,CUST_013,Apex Global Enterprise 13,PROD_P03,Bubble Wrap Cushioning Roll 100m,Packaging Materials,Zenith Global Procurement,Kano Commercial Warehouse,Anambra,Onitsha,84,8500,14000,1176000,714000,462000,0.392857143,Paid,1117200,58800,Completed,Road,Chisco Logistics,75136.41,11/6/2024,11/5/2024,4,On Time,175,91,In Stock,0.05,1117200,Medium,Corporate,11/4/2024,Returned,84,,,
ORD13585,4/11/2025,CUST_013,Apex Global Enterprise 13,PROD_P03,Bubble Wrap Cushioning Roll 100m,Packaging Materials,Stallion Motors Distribution,Ibadan Western Hub,Anambra,Onitsha,79,8500,14000,1106000,671500,434500,0.392857143,Paid,1106000,0,Completed,Air,Speedaf Express,77566.34,4/14/2025,4/15/2025,4,Delayed,206,127,In Stock,0,1106000,Critical,Corporate,4/14/2025,No Return,0,,,
ORD13531,8/23/2024,CUST_033,Apex Global Enterprise 33,PROD_I02,Electric Forklift Battery Unit,Industrial Equipment,Dangote Logistics & Supplies Ltd,Ibadan Western Hub,Anambra,Onitsha,78,950000,1400000,109200000,74100000,35100000,0.321428571,Partial,62341374.13,46858625.87,Completed,Road,Speedaf Express,31255.48,8/30/2024,8/30/2024,7,On Time,115,37,In Stock,0,109200000,Critical,Retail,8/30/2024,Partial Return,23,,,
ORD13495,1/8/2024,CUST_028,Client Business 28 Ltd,PROD_I03,Industrial Packaging Strapping Machine,Industrial Equipment,Tropical General Distribution,Port Harcourt Coastal Depot,Anambra,Onitsha,47,320000,480000,22560000,15040000,7520000,0.333333333,Paid,19176000,3384000,Completed,Road,Chisco Logistics,21638.81,1/15/2024,1/16/2024,8,Delayed,142,95,In Stock,0.15,19176000,Medium,Wholesale,1/11/2024,No Return,0,,,
ORD13357,6/30/2025,CUST_019,Apex Global Enterprise 19,PROD_A02,Synthetic Diesel Engine Oil 20L Drum,Automotive Parts,Honeywell Logistics,Port Harcourt Coastal Depot,Anambra,Onitsha,5,28000,42000,210000,140000,70000,0.333333333,Partial,56104.77,153895.23,Completed,Air,MAX.ng Freight,18930.34,7/2/2025,7/8/2025,8,Delayed,50,45,In Stock,0.15,178500,High,Wholesale,7/3/2025,No Return,0,,,
ORD13314,11/1/2024,CUST_004,Client Business 4 Ltd,PROD_H03,Heavy Duty Standing Industrial Fan,Home Appliances,MainOne Distribution,Lagos Mega Central Hub,Anambra,Onitsha,32,18000,32000,1024000,576000,448000,0.4375,Paid,1024000,0,Completed,Road,Konga Express,26444.72,11/4/2024,11/3/2024,2,On Time,162,130,In Stock,0,1024000,Medium,Wholesale,11/1/2024,No Return,0,,,
ORD13303,1/18/2024,CUST_024,Client Business 24 Ltd,PROD_C02,High-Tensile Steel Rebar 12mm (Ton),Construction Materials,Honeywell Logistics,Port Harcourt Coastal Depot,Anambra,Onitsha,29,520000,680000,19720000,15080000,4640000,0.235294118,Partial,8874000,10846000,Processing,Road,Speedaf Express,20272.67,1/24/2024,,,Pending,26,-3,Out of Stock,0.1,17748000,Medium,Wholesale,1/20/2024,No Return,0,,,
ORD13292,11/13/2024,CUST_029,Apex Global Enterprise 29,PROD_I04,Heavy Duty Rubber Conveyor Belt 10m,Industrial Equipment,MainOne Distribution,Lagos Mega Central Hub,Anambra,Onitsha,18,280000,420000,7560000,5040000,2520000,0.333333333,Paid,6426000,1134000,Completed,Road,ABC Transport Logistics,10182.46,11/20/2024,11/20/2024,7,On Time,191,173,In Stock,0.15,6426000,Critical,Wholesale,11/19/2024,No Return,0,,,
ORD13172,10/19/2025,CUST_028,Client Business 28 Ltd,PROD_O01,Ergonomic Executive Mesh Chair,Office Supplies,Honeywell Logistics,Port Harcourt Coastal Depot,Anambra,Onitsha,22,45000,75000,1650000,990000,660000,0.4,Paid,1402500,247500,Completed,Road,Konga Express,17822.03,10/21/2025,10/22/2025,3,Delayed,113,91,In Stock,0.15,1402500,High,Wholesale,10/27/2025,No Return,0,,,
ORD13136,11/18/2025,CUST_004,Client Business 4 Ltd,PROD_C01,Portland Cement 50kg Bag (Pallet of 100),Construction Materials,SinoHydro Equipment Ltd,Abuja Inland Logistics Depot,Anambra,Onitsha,55,450000,580000,31900000,24750000,7150000,0.224137931,Paid,30305000,1595000,Completed,Air,MAX.ng Freight,61124.03,11/23/2025,11/24/2025,6,Delayed,71,16,Low Stock,0.05,30305000,Low,Wholesale,11/22/2025,No Return,0,,,
ORD13029,8/26/2025,CUST_013,Apex Global Enterprise 13,PROD_I03,Industrial Packaging Strapping Machine,Industrial Equipment,Honeywell Logistics,Port Harcourt Coastal Depot,Anambra,Onitsha,66,320000,480000,31680000,21120000,10560000,0.333333333,Paid,30096000,1584000,Completed,Sea,ABC Transport Logistics,51877.69,9/2/2025,9/1/2025,6,On Time,126,60,In Stock,0.05,30096000,Medium,Corporate,9/1/2025,No Return,0,,,
ORD12999,12/24/2024,CUST_024,Client Business 24 Ltd,PROD_P01,Industrial Stretch Wrap Film (6 Rolls),Packaging Materials,Innoson Industrial Supplies,Port Harcourt Coastal Depot,Anambra,Onitsha,77,15000,24000,1848000,1155000,693000,0.375,Paid,1755600,92400,Completed,Road,Konga Express,49323.68,12/27/2024,1/2/2025,9,Delayed,151,74,In Stock,0.05,1755600,High,Wholesale,12/25/2024,No Return,0,,,
ORD12997,11/24/2025,CUST_033,Apex Global Enterprise 33,PROD_O01,Ergonomic Executive Mesh Chair,Office Supplies,Tropical General Distribution,Kano Commercial Warehouse,Anambra,Onitsha,8,45000,75000,600000,360000,240000,0.4,Paid,600000,0,Pending,Air,Konga Express,21361.09,11/28/2025,,,Pending,40,32,In Stock,0,600000,Medium,Retail,11/25/2025,No Return,0,,,
ORD12893,9/28/2024,CUST_005,Apex Global Enterprise 5,PROD_I03,Industrial Packaging Strapping Machine,Industrial Equipment,Honeywell Logistics,Kano Commercial Warehouse,Anambra,Onitsha,25,320000,480000,12000000,8000000,4000000,0.333333333,Paid,10800000,1200000,Completed,Road,DHL Express Nigeria,18092.33,9/30/2024,9/30/2024,2,On Time,240,215,In Stock,0.1,10800000,High,Retail,10/7/2024,No Return,0,,,
ORD12853,10/2/2025,CUST_015,Apex Global Enterprise 15,PROD_E01,Heavy-Duty Solar Inverter 5kVA,Electronics,BUA Group Procurement,Lagos Mega Central Hub,Anambra,Onitsha,72,120000,180000,12960000,8640000,4320000,0.333333333,Overdue,0,12960000,Completed,Air,DHL Express Nigeria,38088.72,10/5/2025,10/5/2025,3,On Time,220,148,In Stock,0.05,12312000,High,Retail,,No Return,0,,,
ORD12712,6/15/2025,CUST_010,Client Business 10 Ltd,PROD_O03,Heavy-Duty Cross-Cut Paper Shredder,Office Supplies,BUA Group Procurement,Abuja Inland Logistics Depot,Anambra,Onitsha,8,35000,58000,464000,280000,184000,0.396551724,Paid,440800,23200,Completed,Road,ABC Transport Logistics,7587.65,6/22/2025,6/22/2025,7,On Time,75,67,In Stock,0.05,440800,Low,Corporate,6/22/2025,No Return,0,,,
ORD12376,10/23/2025,CUST_001,Apex Global Enterprise 1,PROD_A03,Heavy Duty Truck Brake Shoe Set,Automotive Parts,United Africa Supplies,Lagos Mega Central Hub,Anambra,Onitsha,76,22000,36000,2736000,1672000,1064000,0.388888889,Paid,2736000,0,Completed,Courier,Speedaf Express,29934.91,10/26/2025,10/25/2025,2,On Time,234,158,In Stock,0,2736000,Medium,Wholesale,10/24/2025,No Return,0,,,
ORD12344,6/12/2024,CUST_001,Apex Global Enterprise 1,PROD_A02,Synthetic Diesel Engine Oil 20L Drum,Automotive Parts,Innoson Industrial Supplies,Ibadan Western Hub,Anambra,Onitsha,15,28000,42000,630000,420000,210000,0.333333333,Paid,630000,0,Completed,Road,Red Star Express,13513.91,6/19/2024,6/20/2024,8,Delayed,35,20,In Stock,0,630000,Low,Wholesale,6/12/2024,No Return,0,,,
ORD12259,10/4/2025,CUST_016,Client Business 16 Ltd,PROD_P03,Bubble Wrap Cushioning Roll 100m,Packaging Materials,Zenith Global Procurement,Ibadan Western Hub,Anambra,Onitsha,23,8500,14000,322000,195500,126500,0.392857143,Pending,0,322000,Cancelled,Road,Konga Express,18901.49,10/7/2025,,,Not Applicable,229,206,In Stock,0.05,305900,Low,Retail,,No Return,0,,,
ORD12235,4/24/2024,CUST_027,Apex Global Enterprise 27,PROD_E03,Industrial Power Generator 15kVA,Electronics,MainOne Distribution,Lagos Mega Central Hub,Anambra,Onitsha,63,850000,1200000,75600000,53550000,22050000,0.291666667,Partial,41318284.7,34281715.3,Completed,Road,Red Star Express,51591.67,5/1/2024,5/2/2024,8,Delayed,51,-12,Out of Stock,0.05,71820000,High,Retail,5/6/2024,No Return,0,,,
ORD12215,2/4/2024,CUST_010,Client Business 10 Ltd,PROD_I02,Electric Forklift Battery Unit,Industrial Equipment,Dangote Logistics & Supplies Ltd,Abuja Inland Logistics Depot,Anambra,Onitsha,37,950000,1400000,51800000,35150000,16650000,0.321428571,Pending,0,51800000,Cancelled,Road,MAX.ng Freight,35234.51,2/9/2024,,,Not Applicable,234,197,In Stock,0.1,46620000,Medium,Corporate,,No Return,0,,,
ORD12180,3/31/2025,CUST_014,Client Business 14 Ltd,PROD_P01,Industrial Stretch Wrap Film (6 Rolls),Packaging Materials,Zenith Global Procurement,Lagos Mega Central Hub,Anambra,Onitsha,82,15000,24000,1968000,1230000,738000,0.375,Partial,934800,1033200,Processing,Road,Red Star Express,63981.07,4/2/2025,,,Pending,105,23,In Stock,0.05,1869600,Low,Retail,4/2/2025,No Return,0,,,
ORD12095,7/26/2025,CUST_012,Client Business 12 Ltd,PROD_I01,Hydraulic Pallet Truck 3-Ton,Industrial Equipment,Innoson Industrial Supplies,Abuja Inland Logistics Depot,Anambra,Onitsha,18,150000,220000,3960000,2700000,1260000,0.318181818,Partial,1538698.53,2421301.47,Completed,Road,MAX.ng Freight,10514.18,7/30/2025,8/2/2025,7,Delayed,215,197,In Stock,0.1,3564000,Medium,Corporate,8/6/2025,No Return,0,,,
ORD12094,12/26/2024,CUST_023,Apex Global Enterprise 23,PROD_A03,Heavy Duty Truck Brake Shoe Set,Automotive Parts,United Africa Supplies,Port Harcourt Coastal Depot,Anambra,Onitsha,24,22000,36000,864000,528000,336000,0.388888889,Paid,734400,129600,Completed,Road,DHL Express Nigeria,20631.14,1/2/2025,1/2/2025,7,On Time,90,66,In Stock,0.15,734400,High,Retail,1/7/2025,No Return,0,,,
ORD11796,1/11/2024,CUST_018,Client Business 18 Ltd,PROD_O02,A4 Copy Paper Box (5 Reams),Office Supplies,SinoHydro Equipment Ltd,Lagos Mega Central Hub,Anambra,Onitsha,1,12000,18000,18000,12000,6000,0.333333333,Partial,8270.9,9729.1,Completed,Air,MAX.ng Freight,15367.31,1/16/2024,1/16/2024,5,On Time,32,31,In Stock,0.05,17100,Critical,Wholesale,1/15/2024,Partial Return,1,,,
ORD11758,5/16/2025,CUST_026,Client Business 26 Ltd,PROD_A03,Heavy Duty Truck Brake Shoe Set,Automotive Parts,Stallion Motors Distribution,Kano Commercial Warehouse,Anambra,Onitsha,73,22000,36000,2628000,1606000,1022000,0.388888889,Paid,2496600,131400,Completed,Road,GIG Logistics,63681.74,5/21/2025,5/21/2025,5,On Time,140,67,In Stock,0.05,2496600,Medium,Corporate,5/30/2025,No Return,0,,,
ORD11746,4/19/2025,CUST_018,Client Business 18 Ltd,PROD_A01,Heavy Duty Commercial Truck Tire 12R22.5,Automotive Parts,United Africa Supplies,Lagos Mega Central Hub,Anambra,Onitsha,71,110000,165000,11715000,7810000,3905000,0.333333333,Paid,11715000,0,Completed,Road,MAX.ng Freight,26229.3,4/21/2025,4/22/2025,3,Delayed,136,65,In Stock,0,11715000,Low,Wholesale,5/3/2025,No Return,0,,,
ORD11689,5/16/2025,CUST_007,Apex Global Enterprise 7,PROD_P02,Heavy Duty Corrugated Boxes (Pack of 50),Packaging Materials,Innoson Industrial Supplies,Abuja Inland Logistics Depot,Anambra,Onitsha,12,18000,28000,336000,216000,120000,0.357142857,Paid,319200,16800,Completed,Courier,Konga Express,12232.69,5/18/2025,5/17/2025,1,On Time,137,125,In Stock,0.05,319200,Medium,Retail,5/23/2025,No Return,0,,,
ORD11661,6/11/2025,CUST_005,Apex Global Enterprise 5,PROD_A02,Synthetic Diesel Engine Oil 20L Drum,Automotive Parts,MainOne Distribution,Kano Commercial Warehouse,Anambra,Onitsha,1,28000,42000,42000,28000,14000,0.333333333,Pending,0,42000,Cancelled,Road,GIG Logistics,5282.21,6/18/2025,,,Not Applicable,45,44,In Stock,0,42000,Low,Retail,,No Return,0,,,
ORD11649,6/17/2025,CUST_007,Apex Global Enterprise 7,PROD_I02,Electric Forklift Battery Unit,Industrial Equipment,Innoson Industrial Supplies,Abuja Inland Logistics Depot,Anambra,Onitsha,61,950000,1400000,85400000,57950000,27450000,0.321428571,Partial,49901653.92,35498346.08,Completed,Road,Red Star Express,24759.74,6/20/2025,6/21/2025,4,Delayed,190,129,In Stock,0,85400000,High,Retail,7/4/2025,No Return,0,,,
ORD00044,3/24/2024,CUST_027,Apex Global Enterprise 27,PROD_P01,Industrial Stretch Wrap Film (6 Rolls),Packaging Materials,Dangote Logistics & Supplies Ltd,Lagos Mega Central Hub,Anambra,Onitsha,3,15000,24000,72000,45000,27000,0.375,Paid,64800,7200,Completed,Road,Speedaf Express,7523.12,3/28/2024,3/29/2024,5,Delayed,141,138,In Stock,0.1,64800,Critical,Retail,3/26/2024,No Return,0,,,
ORD11515,1/26/2024,CUST_028,Client Business 28 Ltd,PROD_H01,Commercial Cold-Storage Chest Freezer,Home Appliances,United Africa Supplies,Lagos Mega Central Hub,Anambra,Onitsha,64,220000,310000,19840000,14080000,5760000,0.290322581,Overdue,0,19840000,Completed,Road,Speedaf Express,41276.06,2/2/2024,2/2/2024,7,On Time,56,-8,Out of Stock,0,19840000,Medium,Wholesale,,No Return,0,,,
ORD11504,8/14/2024,CUST_005,Apex Global Enterprise 5,PROD_I01,Hydraulic Pallet Truck 3-Ton,Industrial Equipment,Zenith Global Procurement,Lagos Mega Central Hub,Anambra,Onitsha,83,150000,220000,18260000,12450000,5810000,0.318181818,Paid,17347000,913000,Completed,Courier,Speedaf Express,49224.64,8/21/2024,8/21/2024,7,On Time,243,160,In Stock,0.05,17347000,Medium,Retail,8/17/2024,No Return,0,,,
ORD11483,10/30/2024,CUST_022,Client Business 22 Ltd,PROD_O01,Ergonomic Executive Mesh Chair,Office Supplies,Zenith Global Procurement,Kano Commercial Warehouse,Anambra,Onitsha,60,45000,75000,4500000,2700000,1800000,0.4,Paid,3600000,900000,Completed,Road,Speedaf Express,27158.32,11/4/2024,11/5/2024,6,Delayed,72,12,Low Stock,0.2,3600000,Medium,Retail,10/30/2024,No Return,0,,,
ORD11426,8/8/2025,CUST_027,Apex Global Enterprise 27,PROD_A01,Heavy Duty Commercial Truck Tire 12R22.5,Automotive Parts,Innoson Industrial Supplies,Port Harcourt Coastal Depot,Anambra,Onitsha,38,110000,165000,6270000,4180000,2090000,0.333333333,Paid,6270000,0,Completed,Sea,Speedaf Express,27955.74,8/10/2025,8/10/2025,2,On Time,71,33,In Stock,0,6270000,High,Retail,8/13/2025,No Return,0,,,
ORD11418,9/29/2024,CUST_031,Apex Global Enterprise 31,PROD_I02,Electric Forklift Battery Unit,Industrial Equipment,United Africa Supplies,Abuja Inland Logistics Depot,Anambra,Onitsha,48,950000,1400000,67200000,45600000,21600000,0.321428571,Paid,60480000,6720000,Completed,Courier,Chisco Logistics,18935.24,10/4/2024,10/7/2024,8,Delayed,94,46,In Stock,0.1,60480000,High,Wholesale,10/3/2024,No Return,0,,,
ORD11253,1/9/2025,CUST_024,Client Business 24 Ltd,PROD_A03,Heavy Duty Truck Brake Shoe Set,Automotive Parts,Stallion Motors Distribution,Lagos Mega Central Hub,Anambra,Onitsha,40,22000,36000,1440000,880000,560000,0.388888889,Overdue,0,1440000,Completed,Air,DHL Express Nigeria,42159.07,1/16/2025,1/17/2025,8,Delayed,118,78,In Stock,0,1440000,High,Wholesale,,No Return,0,,,
ORD11027,3/17/2025,CUST_001,Apex Global Enterprise 1,PROD_A02,Synthetic Diesel Engine Oil 20L Drum,Automotive Parts,Honeywell Logistics,Port Harcourt Coastal Depot,Anambra,Onitsha,59,28000,42000,2478000,1652000,826000,0.333333333,Paid,2478000,0,Completed,Road,Chisco Logistics,22034.87,3/20/2025,3/21/2025,4,Delayed,92,33,In Stock,0,2478000,High,Wholesale,3/30/2025,No Return,0,,,
ORD10836,5/11/2024,CUST_027,Apex Global Enterprise 27,PROD_P03,Bubble Wrap Cushioning Roll 100m,Packaging Materials,BUA Group Procurement,Abuja Inland Logistics Depot,Anambra,Onitsha,12,8500,14000,168000,102000,66000,0.392857143,Pending,0,168000,Pending,Sea,Konga Express,13524.76,5/15/2024,,,Pending,128,116,In Stock,0.1,151200,Medium,Retail,,No Return,0,,,
ORD10784,8/22/2024,CUST_030,Client Business 30 Ltd,PROD_H01,Commercial Cold-Storage Chest Freezer,Home Appliances,BUA Group Procurement,Lagos Mega Central Hub,Anambra,Onitsha,27,220000,310000,8370000,5940000,2430000,0.290322581,Paid,8370000,0,Completed,Road,Chisco Logistics,16172.23,8/26/2024,8/26/2024,4,On Time,154,127,In Stock,0,8370000,Medium,Retail,8/28/2024,No Return,0,,,
ORD10776,6/8/2024,CUST_024,Client Business 24 Ltd,PROD_A03,Heavy Duty Truck Brake Shoe Set,Automotive Parts,BUA Group Procurement,Kano Commercial Warehouse,Anambra,Onitsha,1,22000,36000,36000,22000,14000,0.388888889,Partial,23057.69,12942.31,Completed,Courier,Konga Express,5488.44,6/13/2024,6/12/2024,4,On Time,210,209,In Stock,0,36000,Medium,Wholesale,6/9/2024,No Return,0,,,
ORD10672,3/4/2025,CUST_033,Apex Global Enterprise 33,PROD_O03,Heavy-Duty Cross-Cut Paper Shredder,Office Supplies,United Africa Supplies,Abuja Inland Logistics Depot,Anambra,Onitsha,61,35000,58000,3538000,2135000,1403000,0.396551724,Overdue,0,3538000,Completed,Road,MAX.ng Freight,34902.11,3/7/2025,3/7/2025,3,On Time,192,131,In Stock,0.05,3361100,Low,Retail,,No Return,0,,,
ORD10615,9/20/2024,CUST_025,Apex Global Enterprise 25,PROD_E03,Industrial Power Generator 15kVA,Electronics,Innoson Industrial Supplies,Ibadan Western Hub,Anambra,Onitsha,16,850000,1200000,19200000,13600000,5600000,0.291666667,Overdue,0,19200000,Completed,Sea,ABC Transport Logistics,12707.48,9/27/2024,9/26/2024,6,On Time,65,49,In Stock,0.05,18240000,High,Wholesale,,No Return,0,,,
ORD10508,3/1/2024,CUST_018,Client Business 18 Ltd,PROD_I01,Hydraulic Pallet Truck 3-Ton,Industrial Equipment,Stallion Motors Distribution,Port Harcourt Coastal Depot,Anambra,Onitsha,55,150000,220000,12100000,8250000,3850000,0.318181818,Paid,12100000,0,Completed,Road,Chisco Logistics,42442.76,3/3/2024,3/3/2024,2,On Time,128,73,In Stock,0,12100000,Medium,Wholesale,3/1/2024,No Return,0,,,
ORD10482,7/8/2025,CUST_001,Apex Global Enterprise 1,PROD_C02,High-Tensile Steel Rebar 12mm (Ton),Construction Materials,Honeywell Logistics,Abuja Inland Logistics Depot,Anambra,Onitsha,33,520000,680000,22440000,17160000,5280000,0.235294118,Paid,20196000,2244000,Pending,Road,MAX.ng Freight,20423.69,7/11/2025,,,Pending,146,113,In Stock,0.1,20196000,Critical,Wholesale,7/9/2025,No Return,0,,,
ORD10468,3/20/2025,CUST_028,Client Business 28 Ltd,PROD_C03,Galvanized Roofing Sheet Bundle,Construction Materials,Stallion Motors Distribution,Lagos Mega Central Hub,Anambra,Onitsha,27,140000,195000,5265000,3780000,1485000,0.282051282,Paid,4738500,526500,Completed,Road,MAX.ng Freight,17931.64,3/26/2025,3/27/2025,7,Delayed,26,-1,Out of Stock,0.1,4738500,High,Wholesale,3/29/2025,No Return,0,,,
ORD10448,8/23/2025,CUST_034,Client Business 34 Ltd,PROD_C02,High-Tensile Steel Rebar 12mm (Ton),Construction Materials,Innoson Industrial Supplies,Port Harcourt Coastal Depot,Anambra,Onitsha,12,520000,680000,8160000,6240000,1920000,0.235294118,Overdue,0,8160000,Completed,Road,ABC Transport Logistics,12022.67,8/28/2025,8/28/2025,5,On Time,48,36,In Stock,0,8160000,Medium,Corporate,,No Return,0,,,
ORD10328,4/1/2024,CUST_019,Apex Global Enterprise 19,PROD_P02,Heavy Duty Corrugated Boxes (Pack of 50),Packaging Materials,Tropical General Distribution,Port Harcourt Coastal Depot,Anambra,Onitsha,80,18000,28000,2240000,1440000,800000,0.357142857,Paid,2016000,224000,Completed,Courier,Speedaf Express,42969.96,4/3/2024,4/6/2024,5,Delayed,21,-59,Out of Stock,0.1,2016000,Low,Wholesale,4/5/2024,No Return,0,,,
ORD10119,9/14/2025,CUST_021,Apex Global Enterprise 21,PROD_E04,Digital Warehouse Barcode Scanner,Electronics,Zenith Global Procurement,Lagos Mega Central Hub,Anambra,Onitsha,11,25000,45000,495000,275000,220000,0.444444444,Paid,495000,0,Pending,Road,Speedaf Express,13904.39,9/16/2025,,,Pending,197,186,In Stock,0,495000,Critical,Wholesale,9/15/2025,No Return,0,,,
ORD10013,6/26/2024,CUST_026,Client Business 26 Ltd,PROD_A02,Synthetic Diesel Engine Oil 20L Drum,Automotive Parts,Honeywell Logistics,Port Harcourt Coastal Depot,Anambra,Onitsha,49,28000,42000,2058000,1372000,686000,0.333333333,Paid,1749300,308700,Completed,Road,Konga Express,39631.01,7/2/2024,7/1/2024,5,On Time,153,104,In Stock,0.15,1749300,Medium,Corporate,7/9/2024,Partial Return,13,,,
ORD10005,7/3/2025,CUST_008,Client Business 8 Ltd,PROD_P03,Bubble Wrap Cushioning Roll 100m,Packaging Materials,United Africa Supplies,Ibadan Western Hub,Anambra,Onitsha,66,8500,14000,924000,561000,363000,0.392857143,Paid,785400,138600,Completed,Courier,ABC Transport Logistics,42893.71,7/5/2025,7/6/2025,3,Delayed,121,55,In Stock,0.15,785400,High,Corporate,7/10/2025,No Return,0,,,
ORD09999,3/5/2025,CUST_017,Apex Global Enterprise 17,PROD_A01,Heavy Duty Commercial Truck Tire 12R22.5,Automotive Parts,Innoson Industrial Supplies,Lagos Mega Central Hub,Anambra,Onitsha,71,110000,165000,11715000,7810000,3905000,0.333333333,Pending,0,11715000,Cancelled,Road,Konga Express,29376.32,3/9/2025,,,Not Applicable,125,54,In Stock,0,11715000,Low,Wholesale,,No Return,0,,,
ORD09805,1/17/2024,CUST_007,Apex Global Enterprise 7,PROD_H03,Heavy Duty Standing Industrial Fan,Home Appliances,Innoson Industrial Supplies,Port Harcourt Coastal Depot,Anambra,Onitsha,56,18000,32000,1792000,1008000,784000,0.4375,Paid,1792000,0,Completed,Road,ABC Transport Logistics,42534.94,1/19/2024,1/19/2024,2,On Time,56,0,Out of Stock,0,1792000,Medium,Retail,1/21/2024,No Return,0,,,
ORD09559,11/30/2025,CUST_028,Client Business 28 Ltd,PROD_I03,Industrial Packaging Strapping Machine,Industrial Equipment,MainOne Distribution,Lagos Mega Central Hub,Anambra,Onitsha,76,320000,480000,36480000,24320000,12160000,0.333333333,Paid,36480000,0,Completed,Road,ABC Transport Logistics,29611.88,12/3/2025,12/6/2025,6,Delayed,224,148,In Stock,0,36480000,Medium,Wholesale,12/4/2025,No Return,0,,,
ORD09544,4/12/2024,CUST_006,Client Business 6 Ltd,PROD_I04,Heavy Duty Rubber Conveyor Belt 10m,Industrial Equipment,Dangote Logistics & Supplies Ltd,Lagos Mega Central Hub,Anambra,Onitsha,20,280000,420000,8400000,5600000,2800000,0.333333333,Paid,8400000,0,Completed,Air,Red Star Express,24292.94,4/17/2024,4/20/2024,8,Delayed,142,122,In Stock,0,8400000,Low,Retail,4/21/2024,No Return,0,,,
ORD09506,2/8/2024,CUST_022,Client Business 22 Ltd,PROD_H02,Industrial Air Conditioner 3HP,Home Appliances,United Africa Supplies,Abuja Inland Logistics Depot,Anambra,Onitsha,74,180000,260000,19240000,13320000,5920000,0.307692308,Pending,0,19240000,Cancelled,Road,ABC Transport Logistics,52169.25,2/11/2024,,,Not Applicable,110,36,In Stock,0.15,16354000,Critical,Retail,,No Return,0,,,
ORD09492,6/30/2024,CUST_011,Apex Global Enterprise 11,PROD_A01,Heavy Duty Commercial Truck Tire 12R22.5,Automotive Parts,United Africa Supplies,Ibadan Western Hub,Anambra,Onitsha,20,110000,165000,3300000,2200000,1100000,0.333333333,Paid,3135000,165000,Completed,Sea,Speedaf Express,12261.92,7/3/2024,7/3/2024,3,On Time,107,87,In Stock,0.05,3135000,Medium,Retail,7/14/2024,No Return,0,,,
ORD09364,8/19/2025,CUST_013,Apex Global Enterprise 13,PROD_E04,Digital Warehouse Barcode Scanner,Electronics,United Africa Supplies,Abuja Inland Logistics Depot,Anambra,Onitsha,48,25000,45000,2160000,1200000,960000,0.444444444,Paid,1836000,324000,Completed,Road,DHL Express Nigeria,17926.96,8/25/2025,8/31/2025,12,Delayed,154,106,In Stock,0.15,1836000,High,Corporate,8/29/2025,No Return,0,,,
ORD09165,3/8/2025,CUST_017,Apex Global Enterprise 17,PROD_I04,Heavy Duty Rubber Conveyor Belt 10m,Industrial Equipment,SinoHydro Equipment Ltd,Port Harcourt Coastal Depot,Anambra,Onitsha,24,280000,420000,10080000,6720000,3360000,0.333333333,Paid,10080000,0,Completed,Road,Speedaf Express,13329.59,3/15/2025,3/16/2025,8,Delayed,156,132,In Stock,0,10080000,Low,Wholesale,3/8/2025,No Return,0,,,
ORD09145,8/9/2024,CUST_014,Client Business 14 Ltd,PROD_H02,Industrial Air Conditioner 3HP,Home Appliances,Honeywell Logistics,Lagos Mega Central Hub,Anambra,Onitsha,38,180000,260000,9880000,6840000,3040000,0.307692308,Paid,9386000,494000,Completed,Road,ABC Transport Logistics,33921.6,8/13/2024,8/13/2024,4,On Time,107,69,In Stock,0.05,9386000,High,Retail,8/17/2024,No Return,0,,,
ORD08869,12/14/2024,CUST_031,Apex Global Enterprise 31,PROD_E02,Lithium Battery Pack 48V,Electronics,Innoson Industrial Supplies,Lagos Mega Central Hub,Anambra,Onitsha,25,450000,620000,15500000,11250000,4250000,0.274193548,Paid,13950000,1550000,Completed,Courier,ABC Transport Logistics,25738.29,12/20/2024,12/20/2024,6,On Time,219,194,In Stock,0.1,13950000,Low,Wholesale,12/17/2024,No Return,0,,,
ORD08853,6/8/2024,CUST_006,Client Business 6 Ltd,PROD_I01,Hydraulic Pallet Truck 3-Ton,Industrial Equipment,BUA Group Procurement,Lagos Mega Central Hub,Anambra,Onitsha,56,150000,220000,12320000,8400000,3920000,0.318181818,Paid,12320000,0,Completed,Courier,Chisco Logistics,31185.77,6/15/2024,6/15/2024,7,On Time,224,168,In Stock,0,12320000,Medium,Retail,6/21/2024,Returned,56,,,
ORD08669,3/23/2025,CUST_030,Client Business 30 Ltd,PROD_C01,Portland Cement 50kg Bag (Pallet of 100),Construction Materials,Dangote Logistics & Supplies Ltd,Port Harcourt Coastal Depot,Anambra,Onitsha,47,450000,580000,27260000,21150000,6110000,0.224137931,Paid,27260000,0,Completed,Road,GIG Logistics,26425.04,3/29/2025,3/29/2025,6,On Time,225,178,In Stock,0,27260000,High,Retail,4/3/2025,No Return,0,,,
ORD08625,7/10/2024,CUST_024,Client Business 24 Ltd,PROD_C01,Portland Cement 50kg Bag (Pallet of 100),Construction Materials,Tropical General Distribution,Kano Commercial Warehouse,Anambra,Onitsha,7,450000,580000,4060000,3150000,910000,0.224137931,Paid,4060000,0,Completed,Road,Red Star Express,7885.69,7/15/2024,7/15/2024,5,On Time,233,226,In Stock,0,4060000,Low,Wholesale,7/19/2024,No Return,0,,,
ORD08546,9/2/2024,CUST_021,Apex Global Enterprise 21,PROD_A03,Heavy Duty Truck Brake Shoe Set,Automotive Parts,BUA Group Procurement,Lagos Mega Central Hub,Anambra,Onitsha,77,22000,36000,2772000,1694000,1078000,0.388888889,Paid,2772000,0,Completed,Road,Chisco Logistics,51978.71,9/5/2024,9/5/2024,3,On Time,159,82,In Stock,0,2772000,Medium,Wholesale,9/9/2024,No Return,0,,,
ORD08399,7/14/2025,CUST_004,Client Business 4 Ltd,PROD_A01,Heavy Duty Commercial Truck Tire 12R22.5,Automotive Parts,United Africa Supplies,Abuja Inland Logistics Depot,Anambra,Onitsha,15,110000,165000,2475000,1650000,825000,0.333333333,Paid,2103750,371250,Completed,Road,Speedaf Express,15532.16,7/20/2025,7/20/2025,6,On Time,148,133,In Stock,0.15,2103750,Medium,Wholesale,7/21/2025,No Return,0,,,
ORD08365,8/25/2024,CUST_026,Client Business 26 Ltd,PROD_O01,Ergonomic Executive Mesh Chair,Office Supplies,BUA Group Procurement,Ibadan Western Hub,Anambra,Onitsha,14,45000,75000,1050000,630000,420000,0.4,Paid,1050000,0,Processing,Courier,Red Star Express,9189.05,9/1/2024,,,Pending,216,202,In Stock,0,1050000,Medium,Corporate,8/26/2024,No Return,0,,,
ORD08360,11/23/2025,CUST_005,Apex Global Enterprise 5,PROD_E01,Heavy-Duty Solar Inverter 5kVA,Electronics,Dangote Logistics & Supplies Ltd,Lagos Mega Central Hub,Anambra,Onitsha,49,120000,180000,8820000,5880000,2940000,0.333333333,Partial,5196306.62,3623693.38,Completed,Air,DHL Express Nigeria,55247.37,11/27/2025,11/28/2025,5,Delayed,207,158,In Stock,0,8820000,Medium,Retail,12/12/2025,No Return,0,,,
ORD08338,2/21/2025,CUST_017,Apex Global Enterprise 17,PROD_P01,Industrial Stretch Wrap Film (6 Rolls),Packaging Materials,Zenith Global Procurement,Abuja Inland Logistics Depot,Anambra,Onitsha,34,15000,24000,816000,510000,306000,0.375,Paid,775200,40800,Completed,Courier,MAX.ng Freight,22772.71,2/24/2025,2/25/2025,4,Delayed,46,12,Low Stock,0.05,775200,Critical,Wholesale,3/3/2025,No Return,0,,,
ORD08334,6/16/2025,CUST_004,Client Business 4 Ltd,PROD_A01,Heavy Duty Commercial Truck Tire 12R22.5,Automotive Parts,Innoson Industrial Supplies,Lagos Mega Central Hub,Anambra,Onitsha,10,110000,165000,1650000,1100000,550000,0.333333333,Paid,1567500,82500,Pending,Road,DHL Express Nigeria,11568.89,6/23/2025,,,Pending,70,60,In Stock,0.05,1567500,Low,Wholesale,6/17/2025,No Return,0,,,
ORD08265,8/29/2025,CUST_014,Client Business 14 Ltd,PROD_H01,Commercial Cold-Storage Chest Freezer,Home Appliances,United Africa Supplies,Ibadan Western Hub,Anambra,Onitsha,46,220000,310000,14260000,10120000,4140000,0.290322581,Paid,13547000,713000,Completed,Road,Chisco Logistics,37985.23,8/31/2025,8/31/2025,2,On Time,54,8,Low Stock,0.05,13547000,Medium,Retail,8/29/2025,No Return,0,,,
ORD08222,9/2/2024,CUST_035,Apex Global Enterprise 35,PROD_P03,Bubble Wrap Cushioning Roll 100m,Packaging Materials,MainOne Distribution,Ibadan Western Hub,Anambra,Onitsha,45,8500,14000,630000,382500,247500,0.392857143,Paid,598500,31500,Completed,Road,ABC Transport Logistics,27481.98,9/9/2024,9/9/2024,7,On Time,170,125,In Stock,0.05,598500,Medium,Corporate,9/15/2024,No Return,0,,,
ORD08164,12/25/2025,CUST_035,Apex Global Enterprise 35,PROD_C01,Portland Cement 50kg Bag (Pallet of 100),Construction Materials,SinoHydro Equipment Ltd,Lagos Mega Central Hub,Anambra,Onitsha,24,450000,580000,13920000,10800000,3120000,0.224137931,Paid,11832000,2088000,Completed,Courier,Red Star Express,23529.39,12/31/2025,1/3/2026,9,Delayed,167,143,In Stock,0.15,11832000,Critical,Corporate,12/25/2025,No Return,0,,,
ORD08077,10/6/2025,CUST_009,Apex Global Enterprise 9,PROD_E01,Heavy-Duty Solar Inverter 5kVA,Electronics,SinoHydro Equipment Ltd,Lagos Mega Central Hub,Anambra,Onitsha,77,120000,180000,13860000,9240000,4620000,0.333333333,Paid,13167000,693000,Completed,Road,Red Star Express,34517.66,10/11/2025,10/11/2025,5,On Time,240,163,In Stock,0.05,13167000,Medium,Wholesale,10/7/2025,No Return,0,,,
ORD08033,11/22/2025,CUST_012,Client Business 12 Ltd,PROD_O03,Heavy-Duty Cross-Cut Paper Shredder,Office Supplies,Dangote Logistics & Supplies Ltd,Port Harcourt Coastal Depot,Anambra,Onitsha,57,35000,58000,3306000,1995000,1311000,0.396551724,Paid,3140700,165300,Completed,Sea,GIG Logistics,33799.78,11/29/2025,11/29/2025,7,On Time,97,40,In Stock,0.05,3140700,Medium,Corporate,11/26/2025,No Return,0,,,
ORD07841,4/24/2024,CUST_029,Apex Global Enterprise 29,PROD_H03,Heavy Duty Standing Industrial Fan,Home Appliances,BUA Group Procurement,Lagos Mega Central Hub,Anambra,Onitsha,44,18000,32000,1408000,792000,616000,0.4375,Overdue,0,1408000,Completed,Road,Red Star Express,16763.15,5/1/2024,5/1/2024,7,On Time,210,166,In Stock,0.05,1337600,Low,Wholesale,,No Return,0,,,
ORD07636,7/31/2024,CUST_001,Apex Global Enterprise 1,PROD_I02,Electric Forklift Battery Unit,Industrial Equipment,SinoHydro Equipment Ltd,Abuja Inland Logistics Depot,Anambra,Onitsha,2,950000,1400000,2800000,1900000,900000,0.321428571,Pending,0,2800000,Cancelled,Road,DHL Express Nigeria,5793.89,8/6/2024,,,Not Applicable,248,246,In Stock,0,2800000,Low,Wholesale,,No Return,0,,,
ORD07446,6/5/2025,CUST_030,Client Business 30 Ltd,PROD_E04,Digital Warehouse Barcode Scanner,Electronics,MainOne Distribution,Ibadan Western Hub,Anambra,Onitsha,68,25000,45000,3060000,1700000,1360000,0.444444444,Partial,1496669.82,1563330.18,Completed,Air,GIG Logistics,65119.75,6/7/2025,6/8/2025,3,Delayed,156,88,In Stock,0,3060000,Low,Retail,6/15/2025,No Return,0,,,
ORD07363,9/17/2025,CUST_032,Client Business 32 Ltd,PROD_H01,Commercial Cold-Storage Chest Freezer,Home Appliances,Dangote Logistics & Supplies Ltd,Port Harcourt Coastal Depot,Anambra,Onitsha,39,220000,310000,12090000,8580000,3510000,0.290322581,Paid,12090000,0,Completed,Air,Chisco Logistics,34831.66,9/19/2025,9/25/2025,8,Delayed,227,188,In Stock,0,12090000,Medium,Retail,9/25/2025,No Return,0,,,
ORD07329,8/27/2025,CUST_019,Apex Global Enterprise 19,PROD_E03,Industrial Power Generator 15kVA,Electronics,Tropical General Distribution,Lagos Mega Central Hub,Anambra,Onitsha,36,850000,1200000,43200000,30600000,12600000,0.291666667,Paid,38880000,4320000,Completed,Road,Chisco Logistics,22369.39,9/3/2025,9/3/2025,7,On Time,179,143,In Stock,0.1,38880000,Medium,Wholesale,9/9/2025,No Return,0,,,
ORD07232,2/22/2024,CUST_017,Apex Global Enterprise 17,PROD_I03,Industrial Packaging Strapping Machine,Industrial Equipment,United Africa Supplies,Abuja Inland Logistics Depot,Anambra,Onitsha,2,320000,480000,960000,640000,320000,0.333333333,Pending,0,960000,Pending,Road,ABC Transport Logistics,6234.08,2/26/2024,,,Pending,143,141,In Stock,0,960000,High,Wholesale,,No Return,0,,,
ORD07231,5/10/2024,CUST_019,Apex Global Enterprise 19,PROD_I03,Industrial Packaging Strapping Machine,Industrial Equipment,Honeywell Logistics,Port Harcourt Coastal Depot,Anambra,Onitsha,1,320000,480000,480000,320000,160000,0.333333333,Paid,480000,0,Completed,Road,DHL Express Nigeria,5337.28,5/12/2024,5/18/2024,8,Delayed,91,90,In Stock,0,480000,Medium,Wholesale,5/15/2024,Returned,1,,,
ORD07160,2/6/2024,CUST_022,Client Business 22 Ltd,PROD_I03,Industrial Packaging Strapping Machine,Industrial Equipment,Honeywell Logistics,Lagos Mega Central Hub,Anambra,Onitsha,36,320000,480000,17280000,11520000,5760000,0.333333333,Paid,14688000,2592000,Completed,Road,DHL Express Nigeria,33688.44,2/8/2024,2/8/2024,2,On Time,57,21,In Stock,0.15,14688000,Low,Retail,2/7/2024,No Return,0,,,
ORD07109,12/30/2024,CUST_032,Client Business 32 Ltd,PROD_A03,Heavy Duty Truck Brake Shoe Set,Automotive Parts,Tropical General Distribution,Port Harcourt Coastal Depot,Anambra,Onitsha,66,22000,36000,2376000,1452000,924000,0.388888889,Overdue,0,2376000,Completed,Road,DHL Express Nigeria,44494.74,1/2/2025,1/5/2025,6,Delayed,148,82,In Stock,0.05,2257200,Low,Retail,,No Return,0,,,
ORD07082,1/7/2025,CUST_014,Client Business 14 Ltd,PROD_E03,Industrial Power Generator 15kVA,Electronics,BUA Group Procurement,Ibadan Western Hub,Anambra,Onitsha,62,850000,1200000,74400000,52700000,21700000,0.291666667,Pending,0,74400000,Cancelled,Road,DHL Express Nigeria,41479.99,1/12/2025,,,Not Applicable,148,86,In Stock,0,74400000,Critical,Retail,,No Return,0,,,
ORD06690,11/18/2024,CUST_034,Client Business 34 Ltd,PROD_H03,Heavy Duty Standing Industrial Fan,Home Appliances,United Africa Supplies,Abuja Inland Logistics Depot,Anambra,Onitsha,3,18000,32000,96000,54000,42000,0.4375,Pending,0,96000,Cancelled,Road,MAX.ng Freight,6036.76,11/20/2024,,,Not Applicable,123,120,In Stock,0,96000,Medium,Corporate,,No Return,0,,,
ORD06313,10/10/2025,CUST_017,Apex Global Enterprise 17,PROD_C03,Galvanized Roofing Sheet Bundle,Construction Materials,BUA Group Procurement,Ibadan Western Hub,Anambra,Onitsha,16,140000,195000,3120000,2240000,880000,0.282051282,Partial,1343649.13,1776350.87,Completed,Road,MAX.ng Freight,17227.48,10/16/2025,10/17/2025,7,Delayed,148,132,In Stock,0.2,2496000,Medium,Wholesale,10/26/2025,No Return,0,,,
ORD06310,6/14/2024,CUST_024,Client Business 24 Ltd,PROD_A02,Synthetic Diesel Engine Oil 20L Drum,Automotive Parts,Innoson Industrial Supplies,Abuja Inland Logistics Depot,Anambra,Onitsha,54,28000,42000,2268000,1512000,756000,0.333333333,Paid,2041200,226800,Completed,Road,Red Star Express,24275.8,6/18/2024,6/18/2024,4,On Time,180,126,In Stock,0.1,2041200,Medium,Wholesale,6/21/2024,No Return,0,,,
ORD06281,5/23/2025,CUST_032,Client Business 32 Ltd,PROD_I03,Industrial Packaging Strapping Machine,Industrial Equipment,Stallion Motors Distribution,Ibadan Western Hub,Anambra,Onitsha,42,320000,480000,20160000,13440000,6720000,0.333333333,Paid,19152000,1008000,Processing,Road,MAX.ng Freight,36785.65,5/29/2025,,,Pending,52,10,Low Stock,0.05,19152000,High,Retail,5/24/2025,No Return,0,,,
ORD06223,2/21/2025,CUST_032,Client Business 32 Ltd,PROD_H02,Industrial Air Conditioner 3HP,Home Appliances,BUA Group Procurement,Kano Commercial Warehouse,Anambra,Onitsha,38,180000,260000,9880000,6840000,3040000,0.307692308,Overdue,0,9880000,Completed,Air,ABC Transport Logistics,29795.52,2/23/2025,2/22/2025,1,On Time,228,190,In Stock,0.05,9386000,Medium,Retail,,No Return,0,,,
ORD06168,6/28/2025,CUST_029,Apex Global Enterprise 29,PROD_C03,Galvanized Roofing Sheet Bundle,Construction Materials,Stallion Motors Distribution,Kano Commercial Warehouse,Anambra,Onitsha,56,140000,195000,10920000,7840000,3080000,0.282051282,Partial,5464420.66,5455579.34,Completed,Road,Red Star Express,48218.69,7/5/2025,7/8/2025,10,Delayed,158,102,In Stock,0,10920000,High,Wholesale,7/13/2025,No Return,0,,,
ORD05871,10/24/2025,CUST_018,Client Business 18 Ltd,PROD_H01,Commercial Cold-Storage Chest Freezer,Home Appliances,Zenith Global Procurement,Abuja Inland Logistics Depot,Anambra,Onitsha,29,220000,310000,8990000,6380000,2610000,0.290322581,Pending,0,8990000,Pending,Air,ABC Transport Logistics,38837.27,10/26/2025,,,Pending,193,164,In Stock,0.2,7192000,High,Wholesale,,No Return,0,,,
ORD05744,8/24/2025,CUST_001,Apex Global Enterprise 1,PROD_I04,Heavy Duty Rubber Conveyor Belt 10m,Industrial Equipment,Tropical General Distribution,Kano Commercial Warehouse,Anambra,Onitsha,1,280000,420000,420000,280000,140000,0.333333333,Paid,420000,0,Completed,Air,DHL Express Nigeria,15544.86,8/28/2025,9/3/2025,10,Delayed,22,21,In Stock,0,420000,Medium,Wholesale,9/3/2025,No Return,0,,,
ORD05625,12/9/2025,CUST_002,Client Business 2 Ltd,PROD_O03,Heavy-Duty Cross-Cut Paper Shredder,Office Supplies,Innoson Industrial Supplies,Port Harcourt Coastal Depot,Anambra,Onitsha,22,35000,58000,1276000,770000,506000,0.396551724,Overdue,0,1276000,Completed,Courier,GIG Logistics,14018.77,12/15/2025,12/16/2025,7,Delayed,228,206,In Stock,0.2,1020800,Medium,Corporate,,Returned,22,,,
ORD05582,12/6/2025,CUST_004,Client Business 4 Ltd,PROD_E02,Lithium Battery Pack 48V,Electronics,Honeywell Logistics,Lagos Mega Central Hub,Anambra,Onitsha,16,450000,620000,9920000,7200000,2720000,0.274193548,Paid,9920000,0,Completed,Road,GIG Logistics,12149.65,12/12/2025,12/18/2025,12,Delayed,165,149,In Stock,0,9920000,Medium,Wholesale,12/13/2025,No Return,0,,,
ORD05437,1/14/2025,CUST_024,Client Business 24 Ltd,PROD_E04,Digital Warehouse Barcode Scanner,Electronics,SinoHydro Equipment Ltd,Lagos Mega Central Hub,Anambra,Onitsha,20,25000,45000,900000,500000,400000,0.444444444,Paid,855000,45000,Completed,Air,Speedaf Express,23319.88,1/21/2025,1/22/2025,8,Delayed,142,122,In Stock,0.05,855000,Medium,Wholesale,1/21/2025,No Return,0,,,
ORD05403,6/22/2024,CUST_012,Client Business 12 Ltd,PROD_P03,Bubble Wrap Cushioning Roll 100m,Packaging Materials,SinoHydro Equipment Ltd,Port Harcourt Coastal Depot,Anambra,Onitsha,63,8500,14000,882000,535500,346500,0.392857143,Overdue,0,882000,Completed,Road,Konga Express,45272.58,6/27/2024,6/27/2024,5,On Time,110,47,In Stock,0,882000,Low,Corporate,,No Return,0,,,
ORD05391,10/11/2024,CUST_019,Apex Global Enterprise 19,PROD_I03,Industrial Packaging Strapping Machine,Industrial Equipment,United Africa Supplies,Lagos Mega Central Hub,Anambra,Onitsha,10,320000,480000,4800000,3200000,1600000,0.333333333,Partial,1365951.46,3434048.54,Completed,Courier,Chisco Logistics,9133.4,10/18/2024,10/19/2024,8,Delayed,162,152,In Stock,0.15,4080000,Critical,Wholesale,10/23/2024,No Return,0,,,
ORD05263,1/9/2024,CUST_025,Apex Global Enterprise 25,PROD_O01,Ergonomic Executive Mesh Chair,Office Supplies,MainOne Distribution,Lagos Mega Central Hub,Anambra,Onitsha,40,45000,75000,3000000,1800000,1200000,0.4,Paid,3000000,0,Completed,Courier,Chisco Logistics,32544.49,1/13/2024,1/13/2024,4,On Time,191,151,In Stock,0,3000000,Medium,Wholesale,1/17/2024,No Return,0,,,
ORD05182,7/5/2024,CUST_025,Apex Global Enterprise 25,PROD_O01,Ergonomic Executive Mesh Chair,Office Supplies,MainOne Distribution,Ibadan Western Hub,Anambra,Onitsha,19,45000,75000,1425000,855000,570000,0.4,Paid,1353750,71250,Completed,Road,Speedaf Express,16936.48,7/11/2024,7/12/2024,7,Delayed,230,211,In Stock,0.05,1353750,High,Wholesale,7/13/2024,No Return,0,,,
ORD05163,9/25/2024,CUST_016,Client Business 16 Ltd,PROD_C03,Galvanized Roofing Sheet Bundle,Construction Materials,Zenith Global Procurement,Kano Commercial Warehouse,Anambra,Onitsha,43,140000,195000,8385000,6020000,2365000,0.282051282,Paid,8385000,0,Completed,Road,ABC Transport Logistics,16949.65,10/2/2024,10/1/2024,6,On Time,26,-17,Out of Stock,0,8385000,Medium,Retail,10/1/2024,No Return,0,,,
ORD05157,9/30/2025,CUST_004,Client Business 4 Ltd,PROD_A01,Heavy Duty Commercial Truck Tire 12R22.5,Automotive Parts,United Africa Supplies,Port Harcourt Coastal Depot,Anambra,Onitsha,80,110000,165000,13200000,8800000,4400000,0.333333333,Overdue,0,13200000,Completed,Air,DHL Express Nigeria,46171.2,10/2/2025,10/1/2025,1,On Time,239,159,In Stock,0,13200000,High,Wholesale,,No Return,0,,,
ORD05033,12/7/2025,CUST_024,Client Business 24 Ltd,PROD_I03,Industrial Packaging Strapping Machine,Industrial Equipment,Zenith Global Procurement,Port Harcourt Coastal Depot,Anambra,Onitsha,78,320000,480000,37440000,24960000,12480000,0.333333333,Paid,35568000,1872000,Pending,Air,Speedaf Express,79566.26,12/10/2025,,,Pending,67,-11,Out of Stock,0.05,35568000,Critical,Wholesale,12/8/2025,No Return,0,,,
ORD05025,8/19/2024,CUST_001,Apex Global Enterprise 1,PROD_O03,Heavy-Duty Cross-Cut Paper Shredder,Office Supplies,Dangote Logistics & Supplies Ltd,Ibadan Western Hub,Anambra,Onitsha,72,35000,58000,4176000,2520000,1656000,0.396551724,Partial,2088000,2088000,Processing,Road,MAX.ng Freight,61696.48,8/26/2024,,,Pending,111,39,In Stock,0,4176000,Low,Wholesale,8/21/2024,No Return,0,,,
ORD04920,6/24/2025,CUST_026,Client Business 26 Ltd,PROD_C02,High-Tensile Steel Rebar 12mm (Ton),Construction Materials,United Africa Supplies,Kano Commercial Warehouse,Anambra,Onitsha,64,520000,680000,43520000,33280000,10240000,0.235294118,Partial,18404013.96,25115986.04,Completed,Road,Red Star Express,56471.37,7/1/2025,7/1/2025,7,On Time,162,98,In Stock,0,43520000,Low,Corporate,7/3/2025,No Return,0,,,
ORD04635,5/5/2024,CUST_025,Apex Global Enterprise 25,PROD_P03,Bubble Wrap Cushioning Roll 100m,Packaging Materials,Dangote Logistics & Supplies Ltd,Kano Commercial Warehouse,Anambra,Onitsha,65,8500,14000,910000,552500,357500,0.392857143,Overdue,0,910000,Completed,Courier,Red Star Express,58965.74,5/8/2024,5/7/2024,2,On Time,77,12,Low Stock,0,910000,Medium,Wholesale,,No Return,0,,,
ORD04403,9/19/2024,CUST_028,Client Business 28 Ltd,PROD_P01,Industrial Stretch Wrap Film (6 Rolls),Packaging Materials,Dangote Logistics & Supplies Ltd,Ibadan Western Hub,Anambra,Onitsha,64,15000,24000,1536000,960000,576000,0.375,Partial,729600,806400,Processing,Sea,Chisco Logistics,56198.93,9/26/2024,,,Pending,40,-24,Out of Stock,0.05,1459200,High,Wholesale,9/21/2024,No Return,0,,,
ORD04373,4/14/2024,CUST_034,Client Business 34 Ltd,PROD_E02,Lithium Battery Pack 48V,Electronics,Tropical General Distribution,Lagos Mega Central Hub,Anambra,Onitsha,82,450000,620000,50840000,36900000,13940000,0.274193548,Pending,0,50840000,Processing,Air,GIG Logistics,81002,4/20/2024,,,Pending,160,78,In Stock,0,50840000,High,Corporate,,No Return,0,,,
ORD04304,8/3/2024,CUST_013,Apex Global Enterprise 13,PROD_A03,Heavy Duty Truck Brake Shoe Set,Automotive Parts,Dangote Logistics & Supplies Ltd,Kano Commercial Warehouse,Anambra,Onitsha,82,22000,36000,2952000,1804000,1148000,0.388888889,Paid,2952000,0,Pending,Road,Speedaf Express,60538.17,8/7/2024,,,Pending,68,-14,Out of Stock,0,2952000,High,Corporate,8/4/2024,No Return,0,,,
ORD04239,1/3/2024,CUST_022,Client Business 22 Ltd,PROD_P02,Heavy Duty Corrugated Boxes (Pack of 50),Packaging Materials,Stallion Motors Distribution,Abuja Inland Logistics Depot,Anambra,Onitsha,83,18000,28000,2324000,1494000,830000,0.357142857,Paid,2207800,116200,Completed,Sea,MAX.ng Freight,72940.11,1/8/2024,1/9/2024,6,Delayed,48,-35,Out of Stock,0.05,2207800,Medium,Retail,1/14/2024,Returned,83,,,
ORD04164,6/14/2025,CUST_034,Client Business 34 Ltd,PROD_I03,Industrial Packaging Strapping Machine,Industrial Equipment,BUA Group Procurement,Ibadan Western Hub,Anambra,Onitsha,8,320000,480000,3840000,2560000,1280000,0.333333333,Partial,2266898.79,1573101.21,Completed,Road,Chisco Logistics,7845.11,6/18/2025,6/19/2025,5,Delayed,63,55,In Stock,0,3840000,Medium,Corporate,6/16/2025,No Return,0,,,
ORD03964,11/21/2025,CUST_024,Client Business 24 Ltd,PROD_A01,Heavy Duty Commercial Truck Tire 12R22.5,Automotive Parts,BUA Group Procurement,Port Harcourt Coastal Depot,Anambra,Onitsha,56,110000,165000,9240000,6160000,3080000,0.333333333,Paid,9240000,0,Completed,Sea,GIG Logistics,37061.29,11/26/2025,11/26/2025,5,On Time,28,-28,Out of Stock,0,9240000,Medium,Wholesale,11/22/2025,No Return,0,,,
ORD03869,9/5/2025,CUST_010,Client Business 10 Ltd,PROD_O02,A4 Copy Paper Box (5 Reams),Office Supplies,BUA Group Procurement,Port Harcourt Coastal Depot,Anambra,Onitsha,31,12000,18000,558000,372000,186000,0.333333333,Paid,558000,0,Completed,Road,Speedaf Express,13943.93,9/8/2025,9/8/2025,3,On Time,150,119,In Stock,0,558000,Medium,Corporate,9/8/2025,Returned,31,,,
ORD03743,1/20/2024,CUST_025,Apex Global Enterprise 25,PROD_E03,Industrial Power Generator 15kVA,Electronics,BUA Group Procurement,Abuja Inland Logistics Depot,Anambra,Onitsha,24,850000,1200000,28800000,20400000,8400000,0.291666667,Partial,14400000,14400000,Processing,Courier,Red Star Express,15106.65,1/27/2024,,,Pending,30,6,Low Stock,0,28800000,Medium,Wholesale,1/22/2024,No Return,0,,,
ORD03737,3/17/2024,CUST_020,Client Business 20 Ltd,PROD_P03,Bubble Wrap Cushioning Roll 100m,Packaging Materials,Honeywell Logistics,Kano Commercial Warehouse,Anambra,Onitsha,70,8500,14000,980000,595000,385000,0.392857143,Paid,980000,0,Completed,Air,Speedaf Express,60068.68,3/21/2024,3/21/2024,4,On Time,26,-44,Out of Stock,0,980000,High,Retail,3/19/2024,No Return,0,,,
ORD03728,12/3/2025,CUST_035,Apex Global Enterprise 35,PROD_P01,Industrial Stretch Wrap Film (6 Rolls),Packaging Materials,Innoson Industrial Supplies,Kano Commercial Warehouse,Anambra,Onitsha,16,15000,24000,384000,240000,144000,0.375,Paid,326400,57600,Completed,Air,Konga Express,26896.58,12/6/2025,12/6/2025,3,On Time,201,185,In Stock,0.15,326400,Low,Corporate,12/14/2025,No Return,0,,,
ORD03708,2/23/2024,CUST_033,Apex Global Enterprise 33,PROD_O01,Ergonomic Executive Mesh Chair,Office Supplies,Tropical General Distribution,Ibadan Western Hub,Anambra,Onitsha,80,45000,75000,6000000,3600000,2400000,0.4,Paid,5700000,300000,Completed,Road,DHL Express Nigeria,56747.3,2/29/2024,2/29/2024,6,On Time,148,68,In Stock,0.05,5700000,Critical,Retail,3/2/2024,No Return,0,,,
ORD03691,2/13/2025,CUST_012,Client Business 12 Ltd,PROD_I04,Heavy Duty Rubber Conveyor Belt 10m,Industrial Equipment,Tropical General Distribution,Abuja Inland Logistics Depot,Anambra,Onitsha,47,280000,420000,19740000,13160000,6580000,0.333333333,Partial,6735754.66,13004245.34,Completed,Air,Red Star Express,32587.76,2/15/2025,2/15/2025,2,On Time,195,148,In Stock,0.15,16779000,Low,Corporate,2/25/2025,No Return,0,,,
ORD03630,1/15/2025,CUST_024,Client Business 24 Ltd,PROD_C03,Galvanized Roofing Sheet Bundle,Construction Materials,Dangote Logistics & Supplies Ltd,Lagos Mega Central Hub,Anambra,Onitsha,19,140000,195000,3705000,2660000,1045000,0.282051282,Partial,1313715.71,2391284.29,Completed,Road,Chisco Logistics,19242.74,1/21/2025,1/21/2025,6,On Time,48,29,In Stock,0,3705000,Low,Wholesale,1/24/2025,Partial Return,6,,,
ORD03607,10/31/2024,CUST_025,Apex Global Enterprise 25,PROD_E02,Lithium Battery Pack 48V,Electronics,Dangote Logistics & Supplies Ltd,Port Harcourt Coastal Depot,Anambra,Onitsha,57,450000,620000,35340000,25650000,9690000,0.274193548,Paid,35340000,0,Completed,Road,GIG Logistics,47945.28,11/2/2024,11/5/2024,5,Delayed,80,23,In Stock,0,35340000,Medium,Wholesale,11/6/2024,Partial Return,9,,,
ORD03557,4/21/2024,CUST_030,Client Business 30 Ltd,PROD_E03,Industrial Power Generator 15kVA,Electronics,Tropical General Distribution,Kano Commercial Warehouse,Anambra,Onitsha,49,850000,1200000,58800000,41650000,17150000,0.291666667,Paid,58800000,0,Completed,Road,Red Star Express,28503.8,4/25/2024,4/25/2024,4,On Time,78,29,In Stock,0,58800000,High,Retail,4/22/2024,No Return,0,,,
ORD03467,4/21/2024,CUST_021,Apex Global Enterprise 21,PROD_E04,Digital Warehouse Barcode Scanner,Electronics,Stallion Motors Distribution,Kano Commercial Warehouse,Anambra,Onitsha,28,25000,45000,1260000,700000,560000,0.444444444,Paid,1197000,63000,Processing,Road,MAX.ng Freight,24780.95,4/23/2024,,,Pending,131,103,In Stock,0.05,1197000,Medium,Wholesale,4/22/2024,No Return,0,,,
ORD03446,6/8/2025,CUST_035,Apex Global Enterprise 35,PROD_E03,Industrial Power Generator 15kVA,Electronics,Stallion Motors Distribution,Abuja Inland Logistics Depot,Anambra,Onitsha,83,850000,1200000,99600000,70550000,29050000,0.291666667,Overdue,0,99600000,Completed,Air,Chisco Logistics,58827.18,6/11/2025,6/11/2025,3,On Time,87,4,Low Stock,0.05,94620000,Medium,Corporate,,No Return,0,,,
ORD03307,12/16/2024,CUST_001,Apex Global Enterprise 1,PROD_I02,Electric Forklift Battery Unit,Industrial Equipment,Dangote Logistics & Supplies Ltd,Lagos Mega Central Hub,Anambra,Onitsha,68,950000,1400000,95200000,64600000,30600000,0.321428571,Paid,95200000,0,Completed,Sea,Red Star Express,27912.55,12/21/2024,12/21/2024,5,On Time,237,169,In Stock,0,95200000,Medium,Wholesale,12/25/2024,No Return,0,,,
ORD03231,4/24/2024,CUST_013,Apex Global Enterprise 13,PROD_P03,Bubble Wrap Cushioning Roll 100m,Packaging Materials,BUA Group Procurement,Abuja Inland Logistics Depot,Anambra,Onitsha,51,8500,14000,714000,433500,280500,0.392857143,Paid,714000,0,Completed,Road,ABC Transport Logistics,23324.6,4/27/2024,4/27/2024,3,On Time,232,181,In Stock,0,714000,High,Corporate,4/25/2024,No Return,0,,,
ORD03152,1/4/2025,CUST_018,Client Business 18 Ltd,PROD_C01,Portland Cement 50kg Bag (Pallet of 100),Construction Materials,Innoson Industrial Supplies,Ibadan Western Hub,Anambra,Onitsha,46,450000,580000,26680000,20700000,5980000,0.224137931,Paid,22678000,4002000,Completed,Road,Konga Express,39767.26,1/9/2025,1/10/2025,6,Delayed,32,-14,Out of Stock,0.15,22678000,High,Wholesale,1/7/2025,No Return,0,,,
ORD02973,6/29/2025,CUST_022,Client Business 22 Ltd,PROD_I04,Heavy Duty Rubber Conveyor Belt 10m,Industrial Equipment,SinoHydro Equipment Ltd,Lagos Mega Central Hub,Anambra,Onitsha,16,280000,420000,6720000,4480000,2240000,0.333333333,Pending,0,6720000,Pending,Courier,Red Star Express,17453.82,7/1/2025,,,Pending,115,99,In Stock,0,6720000,Medium,Retail,,No Return,0,,,
ORD02883,4/4/2025,CUST_020,Client Business 20 Ltd,PROD_E02,Lithium Battery Pack 48V,Electronics,BUA Group Procurement,Abuja Inland Logistics Depot,Anambra,Onitsha,25,450000,620000,15500000,11250000,4250000,0.274193548,Paid,14725000,775000,Completed,Road,Red Star Express,19497.81,4/11/2025,4/17/2025,13,Delayed,74,49,In Stock,0.05,14725000,Critical,Retail,4/8/2025,No Return,0,,,
ORD02853,2/10/2024,CUST_034,Client Business 34 Ltd,PROD_A02,Synthetic Diesel Engine Oil 20L Drum,Automotive Parts,SinoHydro Equipment Ltd,Kano Commercial Warehouse,Anambra,Onitsha,55,28000,42000,2310000,1540000,770000,0.333333333,Paid,2194500,115500,Completed,Air,Red Star Express,41599.29,2/16/2024,2/16/2024,6,On Time,242,187,In Stock,0.05,2194500,High,Corporate,2/19/2024,No Return,0,,,
ORD02816,7/4/2025,CUST_018,Client Business 18 Ltd,PROD_I03,Industrial Packaging Strapping Machine,Industrial Equipment,Honeywell Logistics,Abuja Inland Logistics Depot,Anambra,Onitsha,72,320000,480000,34560000,23040000,11520000,0.333333333,Paid,34560000,0,Completed,Air,GIG Logistics,50770.97,7/8/2025,7/9/2025,5,Delayed,164,92,In Stock,0,34560000,Medium,Wholesale,7/14/2025,No Return,0,,,
ORD02703,8/4/2025,CUST_019,Apex Global Enterprise 19,PROD_O03,Heavy-Duty Cross-Cut Paper Shredder,Office Supplies,United Africa Supplies,Port Harcourt Coastal Depot,Anambra,Onitsha,58,35000,58000,3364000,2030000,1334000,0.396551724,Pending,0,3364000,Pending,Air,ABC Transport Logistics,41120.77,8/8/2025,,,Pending,62,4,Low Stock,0.1,3027600,Medium,Wholesale,,No Return,0,,,
ORD02626,12/22/2025,CUST_026,Client Business 26 Ltd,PROD_P01,Industrial Stretch Wrap Film (6 Rolls),Packaging Materials,Tropical General Distribution,Lagos Mega Central Hub,Anambra,Onitsha,56,15000,24000,1344000,840000,504000,0.375,Paid,1344000,0,Completed,Air,Red Star Express,57755.08,12/29/2025,12/30/2025,8,Delayed,70,14,Low Stock,0,1344000,Low,Corporate,1/2/2026,No Return,0,,,
ORD02625,9/6/2025,CUST_022,Client Business 22 Ltd,PROD_A01,Heavy Duty Commercial Truck Tire 12R22.5,Automotive Parts,Stallion Motors Distribution,Lagos Mega Central Hub,Anambra,Onitsha,62,110000,165000,10230000,6820000,3410000,0.333333333,Paid,9718500,511500,Completed,Road,Speedaf Express,47905.98,9/10/2025,9/16/2025,10,Delayed,231,169,In Stock,0.05,9718500,High,Retail,9/8/2025,No Return,0,,,
ORD02608,3/22/2025,CUST_007,Apex Global Enterprise 7,PROD_O03,Heavy-Duty Cross-Cut Paper Shredder,Office Supplies,SinoHydro Equipment Ltd,Lagos Mega Central Hub,Anambra,Onitsha,53,35000,58000,3074000,1855000,1219000,0.396551724,Paid,3074000,0,Completed,Road,Speedaf Express,21909.47,3/26/2025,3/25/2025,3,On Time,60,7,Low Stock,0,3074000,Critical,Retail,3/23/2025,No Return,0,,,
ORD02485,10/20/2024,CUST_035,Apex Global Enterprise 35,PROD_I03,Industrial Packaging Strapping Machine,Industrial Equipment,Zenith Global Procurement,Lagos Mega Central Hub,Anambra,Onitsha,28,320000,480000,13440000,8960000,4480000,0.333333333,Paid,13440000,0,Pending,Road,Konga Express,14236.56,10/24/2024,,,Pending,217,189,In Stock,0,13440000,Critical,Corporate,10/21/2024,No Return,0,,,
ORD02354,1/25/2024,CUST_022,Client Business 22 Ltd,PROD_E03,Industrial Power Generator 15kVA,Electronics,Stallion Motors Distribution,Abuja Inland Logistics Depot,Anambra,Onitsha,58,850000,1200000,69600000,49300000,20300000,0.291666667,Paid,59160000,10440000,Completed,Road,Red Star Express,21394.91,1/30/2024,1/31/2024,6,Delayed,190,132,In Stock,0.15,59160000,Medium,Retail,1/27/2024,No Return,0,,,
ORD02275,10/24/2025,CUST_015,Apex Global Enterprise 15,PROD_O01,Ergonomic Executive Mesh Chair,Office Supplies,Zenith Global Procurement,Kano Commercial Warehouse,Anambra,Onitsha,15,45000,75000,1125000,675000,450000,0.4,Pending,0,1125000,Cancelled,Road,MAX.ng Freight,14348.84,10/28/2025,,,Not Applicable,119,104,In Stock,0,1125000,Medium,Retail,,No Return,0,,,
ORD02223,12/11/2024,CUST_022,Client Business 22 Ltd,PROD_O03,Heavy-Duty Cross-Cut Paper Shredder,Office Supplies,Tropical General Distribution,Abuja Inland Logistics Depot,Anambra,Onitsha,45,35000,58000,2610000,1575000,1035000,0.396551724,Paid,2479500,130500,Completed,Air,Konga Express,48716.73,12/16/2024,12/16/2024,5,On Time,207,162,In Stock,0.05,2479500,Medium,Retail,12/19/2024,No Return,0,,,
ORD02094,5/17/2025,CUST_030,Client Business 30 Ltd,PROD_A01,Heavy Duty Commercial Truck Tire 12R22.5,Automotive Parts,MainOne Distribution,Ibadan Western Hub,Anambra,Onitsha,8,110000,165000,1320000,880000,440000,0.333333333,Paid,1056000,264000,Completed,Road,Speedaf Express,7294.18,5/23/2025,5/23/2025,6,On Time,147,139,In Stock,0.2,1056000,Medium,Retail,5/18/2025,Returned,8,,,
ORD01979,7/16/2024,CUST_010,Client Business 10 Ltd,PROD_I03,Industrial Packaging Strapping Machine,Industrial Equipment,Honeywell Logistics,Abuja Inland Logistics Depot,Anambra,Onitsha,9,320000,480000,4320000,2880000,1440000,0.333333333,Paid,3888000,432000,Completed,Courier,ABC Transport Logistics,10682.51,7/23/2024,7/24/2024,8,Delayed,119,110,In Stock,0.1,3888000,Medium,Corporate,7/19/2024,No Return,0,,,
ORD01964,1/31/2025,CUST_033,Apex Global Enterprise 33,PROD_E02,Lithium Battery Pack 48V,Electronics,BUA Group Procurement,Port Harcourt Coastal Depot,Anambra,Onitsha,34,450000,620000,21080000,15300000,5780000,0.274193548,Pending,0,21080000,Processing,Road,Red Star Express,18175.32,2/4/2025,,,Pending,202,168,In Stock,0.1,18972000,Low,Retail,,No Return,0,,,
ORD01907,9/1/2025,CUST_008,Client Business 8 Ltd,PROD_P01,Industrial Stretch Wrap Film (6 Rolls),Packaging Materials,MainOne Distribution,Kano Commercial Warehouse,Anambra,Onitsha,11,15000,24000,264000,165000,99000,0.375,Paid,264000,0,Completed,Courier,Chisco Logistics,12940.47,9/3/2025,9/3/2025,2,On Time,229,218,In Stock,0,264000,Medium,Corporate,9/11/2025,No Return,0,,,
ORD01855,8/24/2024,CUST_008,Client Business 8 Ltd,PROD_P01,Industrial Stretch Wrap Film (6 Rolls),Packaging Materials,Dangote Logistics & Supplies Ltd,Lagos Mega Central Hub,Anambra,Onitsha,67,15000,24000,1608000,1005000,603000,0.375,Paid,1608000,0,Completed,Air,Konga Express,60134.37,8/29/2024,8/29/2024,5,On Time,108,41,In Stock,0,1608000,Medium,Corporate,8/29/2024,No Return,0,,,
ORD01831,8/8/2024,CUST_024,Client Business 24 Ltd,PROD_I03,Industrial Packaging Strapping Machine,Industrial Equipment,Stallion Motors Distribution,Kano Commercial Warehouse,Anambra,Onitsha,14,320000,480000,6720000,4480000,2240000,0.333333333,Paid,6720000,0,Completed,Road,MAX.ng Freight,11698.86,8/11/2024,8/11/2024,3,On Time,24,10,Low Stock,0,6720000,Low,Wholesale,8/22/2024,No Return,0,,,
ORD01801,11/23/2025,CUST_018,Client Business 18 Ltd,PROD_I03,Industrial Packaging Strapping Machine,Industrial Equipment,Honeywell Logistics,Lagos Mega Central Hub,Anambra,Onitsha,54,320000,480000,25920000,17280000,8640000,0.333333333,Partial,9780538.95,16139461.05,Completed,Courier,DHL Express Nigeria,38744.78,11/27/2025,11/26/2025,3,On Time,52,-2,Out of Stock,0.1,23328000,High,Wholesale,12/10/2025,No Return,0,,,
ORD01800,8/13/2025,CUST_021,Apex Global Enterprise 21,PROD_I02,Electric Forklift Battery Unit,Industrial Equipment,United Africa Supplies,Abuja Inland Logistics Depot,Anambra,Onitsha,41,950000,1400000,57400000,38950000,18450000,0.321428571,Pending,0,57400000,Cancelled,Road,Chisco Logistics,25577.42,8/15/2025,,,Not Applicable,220,179,In Stock,0,57400000,Low,Wholesale,,No Return,0,,,
ORD01737,2/8/2025,CUST_032,Client Business 32 Ltd,PROD_I01,Hydraulic Pallet Truck 3-Ton,Industrial Equipment,SinoHydro Equipment Ltd,Lagos Mega Central Hub,Anambra,Onitsha,38,150000,220000,8360000,5700000,2660000,0.318181818,Paid,8360000,0,Completed,Sea,Red Star Express,20315.24,2/11/2025,2/10/2025,2,On Time,171,133,In Stock,0,8360000,Medium,Retail,2/10/2025,No Return,0,,,
ORD01728,1/2/2025,CUST_012,Client Business 12 Ltd,PROD_A01,Heavy Duty Commercial Truck Tire 12R22.5,Automotive Parts,BUA Group Procurement,Lagos Mega Central Hub,Anambra,Onitsha,32,110000,165000,5280000,3520000,1760000,0.333333333,Paid,5280000,0,Completed,Courier,DHL Express Nigeria,30024.88,1/7/2025,1/13/2025,11,Delayed,105,73,In Stock,0,5280000,Medium,Corporate,1/6/2025,No Return,0,,,
ORD01618,11/22/2025,CUST_013,Apex Global Enterprise 13,PROD_A03,Heavy Duty Truck Brake Shoe Set,Automotive Parts,Zenith Global Procurement,Port Harcourt Coastal Depot,Anambra,Onitsha,2,22000,36000,72000,44000,28000,0.388888889,Overdue,0,72000,Completed,Road,GIG Logistics,6676.5,11/28/2025,11/29/2025,7,Delayed,188,186,In Stock,0.05,68400,High,Corporate,,No Return,0,,,
ORD01544,12/28/2024,CUST_013,Apex Global Enterprise 13,PROD_H01,Commercial Cold-Storage Chest Freezer,Home Appliances,Stallion Motors Distribution,Abuja Inland Logistics Depot,Anambra,Onitsha,70,220000,310000,21700000,15400000,6300000,0.290322581,Paid,17360000,4340000,Completed,Sea,Chisco Logistics,51859.85,12/30/2024,12/30/2024,2,On Time,139,69,In Stock,0.2,17360000,Medium,Corporate,12/28/2024,No Return,0,,,
ORD01239,2/26/2024,CUST_032,Client Business 32 Ltd,PROD_C01,Portland Cement 50kg Bag (Pallet of 100),Construction Materials,Honeywell Logistics,Port Harcourt Coastal Depot,Anambra,Onitsha,58,450000,580000,33640000,26100000,7540000,0.224137931,Paid,33640000,0,Processing,Road,Chisco Logistics,21086.81,2/29/2024,,,Pending,60,2,Low Stock,0,33640000,Low,Retail,2/27/2024,No Return,0,,,
ORD01199,9/11/2024,CUST_035,Apex Global Enterprise 35,PROD_I04,Heavy Duty Rubber Conveyor Belt 10m,Industrial Equipment,MainOne Distribution,Abuja Inland Logistics Depot,Anambra,Onitsha,7,280000,420000,2940000,1960000,980000,0.333333333,Pending,0,2940000,Processing,Road,Konga Express,10658.31,9/14/2024,,,Pending,249,242,In Stock,0,2940000,Low,Corporate,,No Return,0,,,
ORD01092,6/8/2024,CUST_010,Client Business 10 Ltd,PROD_C03,Galvanized Roofing Sheet Bundle,Construction Materials,Zenith Global Procurement,Port Harcourt Coastal Depot,Anambra,Onitsha,53,140000,195000,10335000,7420000,2915000,0.282051282,Paid,10335000,0,Completed,Road,GIG Logistics,25248.28,6/11/2024,6/11/2024,3,On Time,59,6,Low Stock,0,10335000,Low,Corporate,6/21/2024,No Return,0,,,
ORD00989,7/20/2024,CUST_017,Apex Global Enterprise 17,PROD_E01,Heavy-Duty Solar Inverter 5kVA,Electronics,Stallion Motors Distribution,Lagos Mega Central Hub,Anambra,Onitsha,78,120000,180000,14040000,9360000,4680000,0.333333333,Paid,11934000,2106000,Completed,Road,Speedaf Express,68543.67,7/25/2024,7/25/2024,5,On Time,206,128,In Stock,0.15,11934000,Medium,Wholesale,8/3/2024,No Return,0,,,
ORD00951,12/9/2025,CUST_012,Client Business 12 Ltd,PROD_O03,Heavy-Duty Cross-Cut Paper Shredder,Office Supplies,Dangote Logistics & Supplies Ltd,Kano Commercial Warehouse,Anambra,Onitsha,25,35000,58000,1450000,875000,575000,0.396551724,Paid,1450000,0,Pending,Courier,DHL Express Nigeria,20237.13,12/11/2025,,,Pending,176,151,In Stock,0,1450000,High,Corporate,12/10/2025,No Return,0,,,
ORD00797,1/26/2025,CUST_030,Client Business 30 Ltd,PROD_C02,High-Tensile Steel Rebar 12mm (Ton),Construction Materials,BUA Group Procurement,Abuja Inland Logistics Depot,Anambra,Onitsha,46,520000,680000,31280000,23920000,7360000,0.235294118,Paid,31280000,0,Completed,Road,Konga Express,40942.89,1/29/2025,1/30/2025,4,Delayed,47,1,Low Stock,0,31280000,Medium,Retail,2/5/2025,No Return,0,,,
ORD00744,4/15/2025,CUST_020,Client Business 20 Ltd,PROD_P03,Bubble Wrap Cushioning Roll 100m,Packaging Materials,BUA Group Procurement,Kano Commercial Warehouse,Anambra,Onitsha,58,8500,14000,812000,493000,319000,0.392857143,Paid,812000,0,Completed,Courier,MAX.ng Freight,52779.7,4/20/2025,4/19/2025,4,On Time,176,118,In Stock,0,812000,Medium,Retail,4/25/2025,No Return,0,,,
ORD00675,3/4/2024,CUST_024,Client Business 24 Ltd,PROD_C03,Galvanized Roofing Sheet Bundle,Construction Materials,Zenith Global Procurement,Port Harcourt Coastal Depot,Anambra,Onitsha,71,140000,195000,13845000,9940000,3905000,0.282051282,Pending,0,13845000,Pending,Road,ABC Transport Logistics,55094.17,3/11/2024,,,Pending,189,118,In Stock,0.05,13152750,Low,Wholesale,,No Return,0,,,
ORD00635,2/17/2024,CUST_022,Client Business 22 Ltd,PROD_C02,High-Tensile Steel Rebar 12mm (Ton),Construction Materials,Dangote Logistics & Supplies Ltd,Kano Commercial Warehouse,Anambra,Onitsha,44,520000,680000,29920000,22880000,7040000,0.235294118,Partial,10333527.87,19586472.13,Completed,Road,Speedaf Express,22838.9,2/21/2024,2/20/2024,3,On Time,69,25,In Stock,0.1,26928000,Medium,Retail,3/3/2024,No Return,0,,,
ORD00577,4/12/2024,CUST_029,Apex Global Enterprise 29,PROD_E03,Industrial Power Generator 15kVA,Electronics,Honeywell Logistics,Lagos Mega Central Hub,Anambra,Onitsha,27,850000,1200000,32400000,22950000,9450000,0.291666667,Overdue,0,32400000,Completed,Air,Speedaf Express,32191.21,4/17/2024,4/16/2024,4,On Time,73,46,In Stock,0.15,27540000,Low,Wholesale,,Partial Return,7,,,
ORD00531,2/17/2025,CUST_022,Client Business 22 Ltd,PROD_H03,Heavy Duty Standing Industrial Fan,Home Appliances,Innoson Industrial Supplies,Abuja Inland Logistics Depot,Anambra,Onitsha,27,18000,32000,864000,486000,378000,0.4375,Pending,0,864000,Cancelled,Road,Speedaf Express,20838.69,2/21/2025,,,Not Applicable,131,104,In Stock,0.15,734400,Low,Retail,,No Return,0,,,
ORD00373,7/8/2024,CUST_007,Apex Global Enterprise 7,PROD_A02,Synthetic Diesel Engine Oil 20L Drum,Automotive Parts,MainOne Distribution,Kano Commercial Warehouse,Anambra,Onitsha,35,28000,42000,1470000,980000,490000,0.333333333,Paid,1396500,73500,Completed,Road,Red Star Express,26493.13,7/14/2024,7/14/2024,6,On Time,248,213,In Stock,0.05,1396500,Medium,Retail,7/10/2024,No Return,0,,,
ORD00317,4/12/2025,CUST_022,Client Business 22 Ltd,PROD_C02,High-Tensile Steel Rebar 12mm (Ton),Construction Materials,Tropical General Distribution,Port Harcourt Coastal Depot,Anambra,Onitsha,60,520000,680000,40800000,31200000,9600000,0.235294118,Paid,36720000,4080000,Completed,Courier,Chisco Logistics,33164.67,4/16/2025,4/16/2025,4,On Time,132,72,In Stock,0.1,36720000,High,Retail,4/26/2025,No Return,0,,,
ORD00242,2/14/2024,CUST_032,Client Business 32 Ltd,PROD_P02,Heavy Duty Corrugated Boxes (Pack of 50),Packaging Materials,Dangote Logistics & Supplies Ltd,Lagos Mega Central Hub,Anambra,Onitsha,69,18000,28000,1932000,1242000,690000,0.357142857,Paid,1932000,0,Processing,Road,MAX.ng Freight,27243.4,2/20/2024,,,Pending,119,50,In Stock,0,1932000,Medium,Retail,2/15/2024,No Return,0,,,
ORD00237,3/6/2025,CUST_014,Client Business 14 Ltd,PROD_O03,Heavy-Duty Cross-Cut Paper Shredder,Office Supplies,BUA Group Procurement,Kano Commercial Warehouse,Anambra,Onitsha,22,35000,58000,1276000,770000,506000,0.396551724,Paid,1212200,63800,Processing,Road,Red Star Express,20934.42,3/9/2025,,,Pending,62,40,In Stock,0.05,1212200,Medium,Retail,3/7/2025,No Return,0,,,
ORD00225,4/16/2024,CUST_001,Apex Global Enterprise 1,PROD_A03,Heavy Duty Truck Brake Shoe Set,Automotive Parts,Dangote Logistics & Supplies Ltd,Abuja Inland Logistics Depot,Anambra,Onitsha,69,22000,36000,2484000,1518000,966000,0.388888889,Paid,2484000,0,Completed,Road,Speedaf Express,41065.48,4/22/2024,4/28/2024,12,Delayed,122,53,In Stock,0,2484000,Low,Wholesale,4/22/2024,No Return,0,,,
ORD00180,11/22/2025,CUST_014,Client Business 14 Ltd,PROD_H02,Industrial Air Conditioner 3HP,Home Appliances,BUA Group Procurement,Abuja Inland Logistics Depot,Anambra,Onitsha,82,180000,260000,21320000,14760000,6560000,0.307692308,Partial,9333581.15,11986418.85,Completed,Road,Red Star Express,31550.33,11/29/2025,11/29/2025,7,On Time,221,139,In Stock,0,21320000,Low,Retail,11/30/2025,No Return,0,,,
